tmdb_id,imdb_id,title,release_date,runtime,budget_nominal,revenue_nominal,genre_primary,genre_secondary,vote_average,vote_count
931285,tt17490712,Mortal Kombat II,2026-05-06,116,80000000,128857238,Action,Fantasy,7.985,1431
936075,tt11378946,Michael,2026-04-22,128,250000000,934009960,Music,Drama,8.65,2566
1226863,tt28650488,The Super Mario Galaxy Movie,2026-04-01,98,110000000,1000843925,Family,Comedy,8.2,2654
1304313,tt32612507,Lee Cronin's The Mummy,2026-04-15,133,22000000,90452113,Horror,Mystery,8.048,1862
687163,tt12042730,Project Hail Mary,2026-03-15,157,200000000,681404846,Science Fiction,Adventure,8.7,5159
1327819,tt26443616,Hoppers,2026-03-04,104,150000000,372010783,Adventure,Animation,8.2,1620
83533,tt1757678,Avatar: Fire and Ash,2025-12-17,198,350000000,1490477656,Science Fiction,Adventure,7.587,3474
1290821,tt32357218,Shelter,2026-01-28,107,50000000,53933639,Action,Crime,7.665,1248
157336,tt0816692,Interstellar,2014-11-05,169,165000000,746606706,Adventure,Drama,8.5,40036
350,tt0458352,The Devil Wears Prada,2006-06-29,109,35000000,326588371,Drama,Comedy,7.434,13740
1084242,tt26443597,Zootopia 2,2025-11-26,108,150000000,1868208796,Animation,Adventure,7.7,2955
39254,tt0433035,Real Steel,2011-09-28,127,110000000,299300000,Action,Science Fiction,7.108,9228
299536,tt4154756,Avengers: Infinity War,2018-04-25,149,300000000,2052415039,Adventure,Action,8.237,32121
1159559,tt27047903,Scream 7,2026-02-25,114,45000000,213835967,Horror,Mystery,6.176,1044
744275,tt13069986,After We Fell,2021-09-01,99,14000000,21753705,Drama,Romance,7.003,2746
840464,tt14850054,Greenland 2: Migration,2026-01-07,98,90000000,44856736,Adventure,Thriller,6.44,1213
1242898,tt31227572,Predator: Badlands,2025-11-05,107,105000000,184500000,Action,Science Fiction,7.792,3111
1368166,tt27543632,The Housemaid,2025-12-18,131,35000000,399644671,Mystery,Thriller,7.254,2449
460465,tt0293429,Mortal Kombat,2021-04-07,110,20000000,84426031,Action,Fantasy,7.047,6789
1325734,tt33071426,The Drama,2026-03-26,105,28000000,140892471,Romance,Comedy,6.969,1048
4258,tt0795461,Scary Movie 5,2013-04-11,88,20000000,78613981,Comedy,N/A,4.8,3058
1171145,tt32430579,Crime 101,2026-02-11,141,90000000,72900246,Crime,Thriller,6.998,1083
155,tt0468569,The Dark Knight,2008-07-16,152,185000000,1004558444,Action,Crime,8.5,35919
1246049,tt31434030,Dracula,2025-07-30,130,52000000,42404858,Horror,Fantasy,7.2,1270
24428,tt0848228,The Avengers,2012-04-25,143,220000000,1518815515,Science Fiction,Action,8.045,38401
1579,tt0472043,Apocalypto,2006-12-07,138,40000000,120654337,Action,Drama,7.639,6420
301528,tt1979376,Toy Story 4,2019-06-19,100,175000000,1073841394,Family,Comedy,7.462,10579
1266127,tt33978029,Ready or Not: Here I Come,2026-03-19,108,14000000,42212563,Thriller,Horror,7.694,1060
1198994,tt8036976,Send Help,2026-01-22,113,40000000,94041481,Horror,Thriller,7.05,1783
337167,tt4477536,Fifty Shades Freed,2018-01-17,105,55000000,371985018,Drama,Romance,6.672,8362
1184918,tt29623480,The Wild Robot,2024-09-12,102,78000000,331982078,Family,Animation,8.314,6149
249397,tt2382009,Nymphomaniac: Vol. II,2013-12-25,124,2350000,4934725,Drama,Mystery,6.713,3190
634649,tt10872600,Spider-Man: No Way Home,2021-12-15,148,200000000,2019206586,Action,Adventure,7.934,22072
803796,tt14205554,KPop Demon Hunters,2025-06-20,96,100000000,24619953,Fantasy,Music,8.021,2892
19995,tt0499549,Avatar,2009-12-16,162,237000000,2923706026,Science Fiction,Action,7.606,34071
299534,tt4154796,Avengers: Endgame,2019-04-24,181,356000000,2799439100,Adventure,Science Fiction,8.238,27861
1234821,tt31036941,Jurassic World Rebirth,2025-06-23,134,180000000,869146189,Science Fiction,Adventure,6.272,3425
533535,tt6263850,Deadpool & Wolverine,2024-07-24,128,200000000,1338073645,Action,Comedy,7.574,8771
496243,tt6751668,Parasite,2019-05-30,133,11363000,257591776,Comedy,Thriller,8.494,20743
519182,tt7510222,Despicable Me 4,2024-06-20,94,100000000,972021410,Action,Animation,7.0,3219
27205,tt1375666,Inception,2010-07-15,148,160000000,839030630,Action,Science Fiction,8.372,39379
911430,tt16311594,F1,2025-06-25,156,300000000,634142436,Action,Drama,7.799,4076
10193,tt0435761,Toy Story 3,2010-06-16,102,200000000,1067316101,Animation,Family,7.807,15776
1038392,tt22898462,The Conjuring: Last Rites,2025-09-03,136,55000000,499256445,Horror,N/A,6.935,1888
767,tt0417741,Harry Potter and the Half-Blood Prince,2009-07-15,153,250000000,933959197,Adventure,Fantasy,7.68,20828
1233413,tt31193180,Sinners,2025-04-16,138,100000000,370000000,Horror,Action,7.499,4641
675,tt0373889,Harry Potter and the Order of the Phoenix,2007-07-08,138,150000000,938212738,Adventure,Fantasy,7.672,20839
1272837,tt32141377,28 Years Later: The Bone Temple,2026-01-14,109,63000000,58522222,Horror,Thriller,7.133,1307
14836,tt0327597,Coraline,2009-02-05,100,60000000,185860104,Animation,Family,7.9,9033
99861,tt2395427,Avengers: Age of Ultron,2015-04-22,141,235000000,1405403694,Action,Adventure,7.273,24493
315635,tt2250912,Spider-Man: Homecoming,2017-07-05,133,175000000,880978185,Action,Adventure,7.331,23219
47971,tt1293847,xXx: Return of Xander Cage,2017-01-13,107,85000000,346118277,Action,Adventure,6.132,9239
1168190,tt33046197,The Wrecking Crew,2026-01-28,125,78500000,89000000,Action,Comedy,7.019,1075
425274,tt4712810,Now You See Me: Now You Don't,2025-11-12,112,90000000,243700000,Crime,Thriller,6.498,1567
16869,tt0361748,Inglourious Basterds,2009-08-02,153,70000000,321457747,Drama,Thriller,8.2,24249
1061474,tt5950044,Superman,2025-07-09,130,225000000,618723803,Science Fiction,Adventure,7.338,4879
4257,tt0362120,Scary Movie 4,2006-04-12,83,40000000,178710620,Comedy,N/A,5.492,3617
1316092,tt32897959,"""Wuthering Heights""",2026-02-11,136,80000000,241601072,Romance,Drama,6.7,1112
216015,tt2322441,Fifty Shades of Grey,2015-02-11,125,40000000,569651467,Drama,Romance,5.866,12409
569094,tt9362722,Spider-Man: Across the Spider-Verse,2023-05-31,140,100000000,690897910,Animation,Action,8.336,8674
1022789,tt22022452,Inside Out 2,2024-06-11,97,200000000,1698863816,Animation,Adventure,7.5,6718
209112,tt2975590,Batman v Superman: Dawn of Justice,2016-03-23,152,250000000,874362803,Action,Adventure,6.002,19034
37169,tt1467304,The Human Centipede (First Sequence),2009-10-31,92,2000000,252207,Horror,N/A,5.184,2397
502356,tt6718170,The Super Mario Bros. Movie,2023-04-05,93,100000000,1360879735,Family,Comedy,7.604,10804
933260,tt17526714,The Substance,2024-09-07,141,17500000,77316812,Horror,Science Fiction,7.133,6068
361743,tt1745960,Top Gun: Maverick,2022-05-21,131,170000000,1488732821,Action,Drama,8.159,11044
396535,tt5700672,Train to Busan,2016-07-20,118,8500000,87547518,Horror,Thriller,7.751,8412
575265,tt9603208,Mission: Impossible - The Final Reckoning,2025-05-17,170,400000000,598767057,Action,Thriller,7.171,2864
372058,tt5311514,Your Name.,2016-08-26,106,7500000,405320132,Animation,Romance,8.481,12624
939243,tt18259086,Sonic the Hedgehog 3,2024-12-19,110,122000000,492162604,Action,Science Fiction,7.616,3306
10138,tt1228705,Iron Man 2,2010-04-28,124,200000000,623933331,Adventure,Action,6.855,22428
76600,tt1630029,Avatar: The Way of Water,2022-12-14,192,460000000,2334484620,Action,Adventure,7.594,14202
284054,tt1825683,Black Panther,2018-02-13,135,200000000,1349926083,Action,Adventure,7.364,23529
533533,tt6604188,TRON: Ares,2025-10-08,119,220000000,142249983,Science Fiction,Adventure,6.498,1438
1011985,tt21692408,Kung Fu Panda 4,2024-03-02,94,80000000,548040835,Action,Adventure,7.003,3532
10681,tt0910970,WALL·E,2008-06-26,98,180000000,521311860,Animation,Family,8.113,20351
950387,tt3566834,A Minecraft Movie,2025-03-31,101,150000000,960387780,Family,Fantasy,6.256,3035
1087192,tt26743210,How to Train Your Dragon,2025-06-06,125,150000000,636351148,Fantasy,Family,7.927,2873
1241982,tt13622970,Moana 2,2024-11-21,100,150000000,1059242164,Adventure,Animation,7.0,3096
77338,tt1675434,The Intouchables,2011-11-02,113,13000000,426590315,Drama,Comedy,8.271,18467
150540,tt2096673,Inside Out,2015-06-17,95,175000000,857611174,Animation,Family,7.9,23504
106646,tt0993846,The Wolf of Wall Street,2013-12-25,180,100000000,407038432,Crime,Drama,8.027,25982
324857,tt4633694,Spider-Man: Into the Spider-Verse,2018-12-06,117,90000000,394884133,Animation,Action,8.393,17302
872585,tt15398776,Oppenheimer,2023-07-19,181,100000000,952000000,Drama,History,8.026,11861
12445,tt1201607,Harry Potter and the Deathly Hallows: Part 2,2011-07-12,130,125000000,1341511219,Adventure,Fantasy,8.079,22026
537915,tt4126476,After,2019-04-11,106,14000000,69497587,Drama,Romance,7.106,8528
244786,tt2582802,Whiplash,2014-10-10,107,3300000,50307484,Drama,Music,8.375,16675
438631,tt1160419,Dune,2021-09-15,155,165000000,410668500,Science Fiction,Adventure,7.78,14968
1726,tt0371746,Iron Man,2008-04-30,126,140000000,585174222,Action,Science Fiction,7.662,28197
269149,tt2948356,Zootopia,2016-02-11,109,150000000,1025521689,Animation,Adventure,7.764,18159
858024,tt14905854,Hamnet,2025-11-26,125,30000000,107756183,Drama,Romance,7.7,1393
429617,tt6320628,Spider-Man: Far From Home,2019-06-28,129,160000000,1132723226,Action,Adventure,7.396,17001
181808,tt2527336,Star Wars: The Last Jedi,2017-12-13,152,300000000,1334407706,Adventure,Action,6.75,16368
354912,tt2380307,Coco,2017-10-27,105,175000000,814641172,Family,Animation,8.198,21025
1197306,tt9150192,A Working Man,2025-03-26,116,40000000,89400711,Action,Crime,6.696,1943
414906,tt1877830,The Batman,2022-03-01,177,185000000,772775278,Crime,Mystery,7.661,11994
693134,tt15239678,Dune: Part Two,2024-02-27,167,190000000,714844358,Science Fiction,Adventure,8.1,8041
335984,tt1856101,Blade Runner 2049,2017-10-04,164,150000000,259239658,Science Fiction,Drama,7.594,15199
138843,tt1457767,The Conjuring,2013-07-18,112,13000000,321293998,Horror,Thriller,7.54,12750
406997,tt2543472,Wonder,2017-11-13,113,20000000,315025930,Family,Drama,8.106,8264
1236153,tt31050594,Mercy,2026-01-19,99,60000000,54708061,Science Fiction,Action,7.0,1389
617126,tt10676052,The Fantastic 4: First Steps,2025-07-23,115,229600000,521858728,Science Fiction,Adventure,6.961,3404
177572,tt2245084,Big Hero 6,2014-10-24,102,165000000,657870525,Adventure,Family,7.724,16616
68726,tt1663662,Pacific Rim,2013-07-11,131,180000000,411000000,Action,Science Fiction,6.93,13418
330457,tt4520988,Frozen II,2019-11-20,103,150000000,1453683476,Family,Animation,7.2,10303
68721,tt1300854,Iron Man 3,2013-04-18,130,200000000,1215577205,Action,Adventure,6.933,23465
58,tt0383574,Pirates of the Caribbean: Dead Man's Chest,2006-07-06,151,200000000,1066179747,Adventure,Fantasy,7.381,17211
72190,tt0816711,World War Z,2013-06-19,116,200000000,531865000,Action,Horror,6.836,16625
259316,tt3183660,Fantastic Beasts and Where to Find Them,2016-11-16,133,180000000,809342332,Fantasy,Adventure,7.309,19728
912649,tt16366836,Venom: The Last Dance,2024-10-22,109,120000000,478937618,Science Fiction,Action,6.672,4258
50619,tt1324999,The Twilight Saga: Breaking Dawn - Part 1,2011-11-16,117,110000000,712171856,Adventure,Fantasy,6.189,9281
285,tt0449088,Pirates of the Caribbean: At World's End,2007-05-19,169,300000000,961691209,Adventure,Fantasy,7.273,15501
541671,tt7181546,Ballerina,2025-06-04,125,90000000,137408107,Action,Thriller,7.253,2666
666277,tt13238346,Past Lives,2023-06-02,106,12000000,28126646,Drama,Romance,7.7,2337
2062,tt0382932,Ratatouille,2007-06-28,111,150000000,623726000,Animation,Comedy,7.842,18533
210577,tt2267998,Gone Girl,2014-10-01,149,61000000,370890259,Mystery,Thriller,7.89,20012
1234731,tt33244668,Anaconda,2025-12-24,100,45000000,135148320,Adventure,Comedy,5.884,1219
346698,tt1517268,Barbie,2023-07-19,114,145000000,1447138421,Comedy,Adventure,6.92,11155
43949,tt0817177,Flipped,2010-08-06,89,14000000,4324817,Romance,Drama,8.01,3336
12444,tt0926084,Harry Potter and the Deathly Hallows: Part 1,2010-11-17,146,250000000,954305868,Adventure,Fantasy,7.734,20417
559,tt0413300,Spider-Man 3,2007-05-01,139,258000000,894983373,Action,Adventure,6.462,15258
603692,tt10366206,John Wick: Chapter 4,2023-03-21,170,100000000,447316405,Action,Thriller,7.709,7976
1062722,tt1312221,Frankenstein,2025-10-17,150,120000000,480678,Drama,Fantasy,7.637,3508
76341,tt1392190,Mad Max: Fury Road,2015-05-13,121,150000000,378858340,Action,Adventure,7.634,24134
324786,tt2119532,Hacksaw Ridge,2016-10-07,139,40000000,175302354,Drama,History,8.19,14895
290098,tt4016934,The Handmaiden,2016-06-01,145,8575000,38600000,Thriller,Drama,8.187,4339
198663,tt1790864,The Maze Runner,2014-09-10,113,34000000,348319861,Action,Mystery,7.19,18141
545611,tt6710474,Everything Everywhere All at Once,2022-03-24,140,25000000,139200000,Action,Adventure,7.719,8020
424783,tt4701182,Bumblebee,2018-11-22,114,135000000,467989645,Action,Adventure,6.721,6640
217,tt0367882,Indiana Jones and the Kingdom of the Crystal Skull,2008-05-21,122,185000000,786636033,Adventure,Action,6.027,9037
8966,tt1099212,Twilight,2008-11-20,122,37000000,393616788,Fantasy,Drama,6.281,14430
798645,tt14107334,The Running Man,2025-11-11,133,110000000,69000000,Action,Thriller,6.784,1639
574475,tt9619824,Final Destination Bloodlines,2025-05-14,110,50000000,317854739,Horror,Mystery,7.038,2885
122917,tt2310332,The Hobbit: The Battle of the Five Armies,2014-12-10,144,250000000,956019788,Action,Adventure,7.334,15403
263115,tt3315342,Logan,2017-02-28,137,97000000,619021436,Action,Drama,7.82,20432
246403,tt3099498,Tusk,2014-09-19,102,3000000,1882074,Comedy,Horror,5.536,1637
62177,tt1217209,Brave,2012-06-21,93,185000000,538983207,Adventure,Animation,7.029,14204
1402,tt0454921,The Pursuit of Happyness,2006-12-14,117,55000000,307077295,Drama,N/A,7.886,10620
315162,tt3915174,Puss in Boots: The Last Wish,2022-12-07,103,90000000,484700000,Animation,Adventure,8.207,8881
572802,tt9663764,Aquaman and the Lost Kingdom,2023-12-20,124,205000000,440181226,Action,Adventure,6.524,3505
1022787,tt4900148,Elio,2025-06-18,98,150000000,154291182,Adventure,Animation,6.9,1004
378236,tt4877122,The Emoji Movie,2017-07-23,86,50000000,216909830,Animation,Family,5.387,3325
20352,tt1323594,Despicable Me,2010-07-08,95,69000000,543284256,Animation,Comedy,7.3,16077
338953,tt4123432,Fantastic Beasts: The Secrets of Dumbledore,2022-04-06,142,200000000,407200000,Fantasy,Adventure,6.627,5113
17654,tt1136608,District 9,2009-08-05,112,30000000,210888950,Science Fiction,N/A,7.469,10369
508883,tt6587046,The Boy and the Heron,2023-07-14,124,50000000,294200000,Animation,Fantasy,7.403,2647
1078605,tt26581740,Weapons,2025-08-04,128,38000000,269972492,Horror,Mystery,7.259,3488
9502,tt0441773,Kung Fu Panda,2008-06-04,90,130000000,632091832,Action,Animation,7.324,12672
1930,tt0948470,The Amazing Spider-Man,2012-06-23,136,215000000,758725893,Action,Adventure,6.739,18555
72559,tt1583421,G.I. Joe: Retaliation,2013-03-27,110,130000000,371900000,Action,Science Fiction,5.658,5782
385687,tt5433140,Fast X,2023-05-17,142,340000000,704709660,Action,Crime,6.994,6343
402431,tt1262426,Wicked,2024-10-16,162,150000000,758827029,Drama,Romance,6.907,3058
985939,tt15325794,Fall,2022-08-11,107,3000000,17363261,Thriller,N/A,7.141,4636
552524,tt11655566,Lilo & Stitch,2025-05-17,108,100000000,1038027526,Family,Science Fiction,7.2,2177
20526,tt1104001,TRON: Legacy,2010-12-14,126,170000000,409912892,Adventure,Action,6.543,7948
38757,tt0398286,Tangled,2010-11-24,100,260000000,592461732,Animation,Family,7.613,12421
109445,tt2294629,Frozen,2013-11-20,102,150000000,1274219009,Animation,Family,7.249,17600
475557,tt7286456,Joker,2019-10-01,122,55000000,1078958629,Crime,Thriller,8.124,27791
1865,tt1298650,Pirates of the Caribbean: On Stranger Tides,2011-05-15,136,379000000,1046721266,Adventure,Action,6.57,14985
49051,tt0903624,The Hobbit: An Unexpected Journey,2012-12-12,169,250000000,1021103568,Adventure,Fantasy,7.376,19678
1197137,tt29644189,Black Phone 2,2025-10-15,114,30000000,132675749,Horror,Thriller,6.7,1153
18785,tt1119646,The Hangover,2009-06-02,100,35000000,469310836,Comedy,N/A,7.3,18134
1372,tt0450259,Blood Diamond,2006-12-08,143,100000000,171720398,Drama,Thriller,7.561,8346
8355,tt1080016,Ice Age: Dawn of the Dinosaurs,2009-06-26,94,90000000,886686817,Animation,Comedy,6.768,8885
14869,tt1046173,G.I. Joe: The Rise of Cobra,2009-08-03,118,175000000,302500000,Adventure,Action,5.785,4932
278154,tt3416828,Ice Age: Collision Course,2016-06-23,95,105000000,408579038,Adventure,Animation,6.1,4881
823464,tt14539740,Godzilla x Kong: The New Empire,2024-03-27,115,150000000,571750016,Action,Adventure,7.047,4692
76726,tt1706593,Chronicle,2012-02-01,84,15000000,145000000,Science Fiction,Drama,6.854,5745
49026,tt1345836,The Dark Knight Rises,2012-07-17,165,250000000,1081041287,Action,Crime,7.795,24423
11324,tt1130884,Shutter Island,2010-02-14,138,80000000,294804195,Drama,Thriller,8.198,25911
466272,tt7131622,Once Upon a Time... in Hollywood,2019-07-24,162,95000000,393869691,Comedy,Drama,7.421,14883
14160,tt1049413,Up,2009-05-28,96,175000000,735103954,Animation,Comedy,7.961,21710
1054867,tt30144839,One Battle After Another,2025-09-23,162,175000000,209377100,Thriller,Crime,7.4,3791
156022,tt0455944,The Equalizer,2014-09-24,132,55000000,192330738,Thriller,Action,7.3,9972
102382,tt1872181,The Amazing Spider-Man 2,2014-04-16,141,200000000,716934779,Action,Adventure,6.543,14273
49521,tt0770828,Man of Steel,2013-06-12,143,225000000,668045518,Action,Adventure,6.651,16240
822119,tt14513804,Captain America: Brave New World,2025-02-12,119,180000000,415101577,Action,Thriller,5.97,3119
102651,tt1587310,Maleficent,2014-05-28,97,180000000,758539785,Fantasy,Adventure,7.087,13758
916224,tt16428256,Suzume,2022-11-11,122,13000000,314992206,Animation,Drama,7.889,1749
637649,tt11083552,Wrath of Man,2021-04-22,119,40000000,103966489,Thriller,Crime,7.574,6117
109424,tt1535109,Captain Phillips,2013-10-10,134,55000000,218791811,Action,Drama,7.539,7507
588228,tt9777666,The Tomorrow War,2021-09-03,138,200000000,14400000,Action,Science Fiction,7.497,4194
581528,tt10208198,"The Gangster, the Cop, the Devil",2019-05-15,110,6500000,25775371,Action,Crime,7.874,1483
49013,tt1216475,Cars 2,2011-06-11,106,200000000,559852396,Animation,Family,6.181,8492
447273,tt6208148,Snow White,2025-03-19,109,271600000,205679463,Family,Fantasy,4.3,1648
284053,tt3501632,Thor: Ragnarok,2017-10-02,131,180000000,855301806,Action,Science Fiction,7.581,22056
427641,tt2231461,Rampage,2018-04-11,107,120000000,428028233,Action,Adventure,6.453,7546
762509,tt13186482,Mufasa: The Lion King,2024-12-18,118,200000000,722631756,Adventure,Family,7.3,2674
102899,tt0478970,Ant-Man,2015-07-14,117,130000000,519311965,Science Fiction,Adventure,7.066,20895
615656,tt9224104,Meg 2: The Trench,2023-08-02,116,129000000,398500317,Action,Science Fiction,6.375,3995
49849,tt0409847,Cowboys & Aliens,2011-07-29,119,163000000,174822325,Action,Science Fiction,5.678,5455
228150,tt2713180,Fury,2014-10-15,135,68000000,211817906,War,Drama,7.546,12945
271110,tt3498820,Captain America: Civil War,2016-04-27,147,250000000,1155046416,Adventure,Action,7.449,24077
20453,tt1187043,3 Idiots,2009-12-23,171,9000000,70000000,Drama,Comedy,8.001,2720
44896,tt1192628,Rango,2011-03-02,107,135000000,245724603,Animation,Comedy,6.904,7132
18240,tt1041829,The Proposal,2009-06-02,108,40000000,317400000,Comedy,Romance,7.166,7550
447365,tt6791350,Guardians of the Galaxy Vol. 3,2023-05-03,150,250000000,845550000,Science Fiction,Adventure,7.931,8379
293660,tt1431045,Deadpool,2016-02-09,108,58000000,782837347,Action,Adventure,7.624,32801
383498,tt5463162,Deadpool 2,2018-05-15,120,110000000,785896632,Action,Comedy,7.491,19265
337404,tt3228774,Cruella,2021-05-26,134,200000000,233503234,Comedy,Crime,8.0,10082
286217,tt3659388,The Martian,2015-09-30,141,108000000,631058917,Science Fiction,Drama,7.7,21274
168259,tt2820852,Furious 7,2015-04-01,138,190000000,1515400000,Action,Crime,7.218,11305
539972,tt8790086,Kraven the Hunter,2024-12-11,127,130000000,62076533,Action,Adventure,6.436,2359
419430,tt5052448,Get Out,2017-02-24,104,4500000,255407969,Mystery,Thriller,7.624,18938
59967,tt1276104,Looper,2012-09-26,118,30000000,47042000,Action,Thriller,6.911,10933
296096,tt2674426,Me Before You,2016-06-01,110,20000000,207945075,Drama,Romance,7.922,13273
329865,tt2543164,Arrival,2016-11-10,116,47000000,203388186,Drama,Science Fiction,7.6,19411
259693,tt3065204,The Conjuring 2,2016-06-08,134,40000000,322819915,Horror,N/A,7.292,9205
38365,tt1375670,Grown Ups,2010-06-24,102,80000000,271457606,Comedy,N/A,6.423,6712
950,tt0438097,Ice Age: The Meltdown,2006-03-29,91,80000000,660998756,Animation,Family,6.721,10363
177677,tt2381249,Mission: Impossible - Rogue Nation,2015-07-28,131,150000000,682716636,Action,Adventure,7.224,9731
370172,tt2382320,No Time to Die,2021-09-29,163,250000000,774153024,Action,Thriller,7.339,7141
260514,tt3606752,Cars 3,2017-06-15,102,175000000,383925276,Animation,Drama,6.861,6402
866398,tt15314262,The Beekeeper,2024-01-08,106,35000000,162619535,Action,Crime,7.266,4279
82702,tt1646971,How to Train Your Dragon 2,2014-06-05,102,145000000,621537519,Fantasy,Action,7.683,10462
411088,tt4857264,The Invisible Guest,2017-01-06,107,4000000,30000000,Drama,Mystery,8.08,4999
400928,tt4481414,Gifted,2017-04-07,101,7000000,40300000,Drama,Comedy,7.998,5952
453395,tt9419884,Doctor Strange in the Multiverse of Madness,2022-05-04,126,290000000,955775804,Fantasy,Action,7.23,10378
674324,tt11813216,The Banshees of Inisherin,2022-10-20,114,20000000,49300000,Drama,Comedy,7.463,3378
61012,tt0938330,Silent Hill: Revelation 3D,2012-10-10,94,20000000,55975672,Thriller,Horror,5.548,1876
1317288,tt32916440,Marty Supreme,2025-12-19,150,65000000,191303074,Drama,Thriller,7.387,1851
976573,tt15789038,Elemental,2023-06-14,102,200000000,496444308,Animation,Comedy,7.576,5312
332567,tt4052882,The Shallows,2016-06-24,86,17000000,119100758,Horror,Drama,6.355,5335
171424,tt2403021,The Green Inferno,2013-09-08,100,5000000,12931420,Adventure,Horror,5.747,1592
68718,tt1853728,Django Unchained,2012-12-25,165,100000000,425368238,Drama,Western,8.192,28098
56292,tt1229238,Mission: Impossible - Ghost Protocol,2011-12-07,133,145000000,694713380,Action,Thriller,7.114,10788
278927,tt3040964,The Jungle Book,2016-04-07,106,175000000,966550600,Adventure,Family,6.873,8507
6977,tt0477348,No Country for Old Men,2007-11-09,122,25000000,171627166,Crime,Thriller,7.951,13364
1422,tt0407887,The Departed,2006-10-04,151,90000000,291465000,Drama,Thriller,8.16,16246
150689,tt1661199,Cinderella,2015-03-06,105,95000000,543514353,Romance,Fantasy,6.826,7405
71552,tt1605630,American Reunion,2012-04-04,114,50000000,234989584,Comedy,N/A,6.3,4717
72105,tt1637725,Ted,2012-06-29,107,50000000,549368315,Comedy,Fantasy,6.454,13213
333339,tt1677720,Ready Player One,2018-03-28,140,175000000,607274134,Adventure,Action,7.588,16976
1214931,tt29567915,Nuremberg,2025-11-06,149,11800000,37009109,History,Drama,7.558,1107
568124,tt2953050,Encanto,2021-10-13,102,150000000,261292688,Animation,Comedy,7.6,10223
505642,tt9114286,Black Panther: Wakanda Forever,2022-11-09,162,250000000,859102154,Action,Adventure,7.006,7492
823219,tt4772188,Flow,2024-08-29,85,3700000,17660107,Adventure,Animation,8.084,2852
1724,tt0800080,The Incredible Hulk,2008-06-12,114,150000000,264770996,Science Fiction,Action,6.244,12725
524047,tt7737786,Greenland,2020-07-29,120,34000000,52300000,Thriller,Adventure,7.129,5341
507086,tt8041270,Jurassic World Dominion,2022-06-01,147,658800000,1004004592,Adventure,Science Fiction,6.598,7078
508442,tt2948372,Soul,2020-12-25,101,150000000,121977511,Animation,Family,8.092,11445
920,tt0317219,Cars,2006-06-08,117,120000000,461983149,Animation,Adventure,7.033,15148
57800,tt1667889,Ice Age: Continental Drift,2012-06-27,88,95000000,877244782,Animation,Comedy,6.387,8117
10191,tt0892769,How to Train Your Dragon,2010-03-18,98,165000000,495141736,Fantasy,Adventure,7.86,14402
166428,tt2386490,How to Train Your Dragon: The Hidden World,2019-01-03,104,129000000,539987993,Animation,Family,7.752,7129
1100988,tt10548174,28 Years Later,2025-06-18,115,60000000,151308832,Horror,Thriller,6.614,2593
12155,tt1014759,Alice in Wonderland,2010-03-03,108,200000000,1025467110,Family,Fantasy,6.642,14830
270946,tt1911658,Penguins of Madagascar,2014-11-22,92,132000000,373515621,Family,Animation,6.535,4483
25376,tt1305806,The Secret in Their Eyes,2009-08-13,130,2000000,33965843,Mystery,Thriller,7.975,2869
353081,tt4912910,Mission: Impossible - Fallout,2018-07-25,147,178000000,824171374,Action,Adventure,7.451,9155
1072790,tt26047818,Anyone But You,2023-12-21,103,25000000,214891370,Romance,Comedy,6.766,3085
667538,tt5090568,Transformers: Rise of the Beasts,2023-06-06,127,195000000,441381193,Science Fiction,Adventure,7.17,5291
345940,tt4779682,The Meg,2018-08-09,113,150000000,530517320,Action,Science Fiction,6.248,8214
122906,tt2194499,About Time,2013-09-04,123,12000000,87100449,Drama,Romance,7.9,9296
166426,tt1790809,Pirates of the Caribbean: Dead Men Tell No Tales,2017-05-23,129,230000000,795922298,Adventure,Action,6.659,12837
579974,tt8178634,RRR,2022-03-24,187,69000000,160000000,Action,History,7.714,1607
436969,tt6334354,The Suicide Squad,2021-07-28,132,185000000,168717425,Action,Comedy,7.459,9610
520023,tt8110652,Bodies Bodies Bodies,2022-08-05,94,3000000,13929670,Comedy,Mystery,6.152,1468
135397,tt0369610,Jurassic World,2015-06-06,124,150000000,1671537444,Adventure,Science Fiction,6.701,21615
43947,tt1242432,I Spit on Your Grave,2010-06-17,108,2000000,572809,Thriller,Crime,6.5,2582
786892,tt12037194,Furiosa: A Mad Max Saga,2024-05-22,149,168000000,174287546,Action,Science Fiction,7.454,4906
508947,tt8097030,Turning Red,2022-03-10,100,175000000,21813358,Animation,Family,7.335,5882
146233,tt1392214,Prisoners,2013-09-19,153,46000000,122127446,Drama,Thriller,8.106,13126
384018,tt6806448,Fast & Furious Presents: Hobbs & Shaw,2019-07-31,137,200000000,760098996,Action,Adventure,6.831,7777
567609,tt7798634,Ready or Not,2019-08-21,96,6000000,57615777,Horror,Comedy,7.075,5527
214756,tt2637276,Ted 2,2015-06-25,115,68000000,215863606,Comedy,Fantasy,6.325,8017
297762,tt0451279,Wonder Woman,2017-05-30,141,149000000,823970682,Action,Adventure,7.208,20933
614479,tt13405778,Insidious: The Red Door,2023-07-05,107,16000000,189086877,Horror,Thriller,6.5,1973
36557,tt0381061,Casino Royale,2006-11-14,144,150000000,599045960,Adventure,Action,7.571,11716
438148,tt5113044,Minions: The Rise of Gru,2022-06-29,87,85000000,940203765,Comedy,Crime,7.3,4023
1064213,tt28607951,Anora,2024-10-14,139,6000000,56286295,Drama,Comedy,7.1,3187
550988,tt6264654,Free Guy,2021-08-11,115,110000000,331526598,Comedy,Adventure,7.451,9857
1417,tt0457430,Pan's Labyrinth,2006-10-11,118,19000000,83258226,Fantasy,Drama,7.764,11493
613504,tt10362466,After We Collided,2020-09-02,105,14000000,47990414,Drama,Romance,7.2,5463
420817,tt6139732,Aladdin,2019-05-22,127,183000000,1054304000,Adventure,Fantasy,7.084,10632
321612,tt2771200,Beauty and the Beast,2017-03-16,129,160000000,1266115964,Family,Fantasy,6.968,16018
140607,tt2488496,Star Wars: The Force Awakens,2015-12-15,136,245000000,2068223624,Adventure,Action,7.248,20576
1034541,tt27911000,Terrifier 3,2024-10-09,125,2000000,90322103,Horror,N/A,6.786,1966
1087891,tt0899043,The Amateur,2025-04-09,123,60000000,96000836,Thriller,Action,6.9,1619
313369,tt3783958,La La Land,2016-12-01,129,30000000,509183536,Comedy,Drama,7.9,18145
205596,tt2084970,The Imitation Game,2014-11-14,113,14000000,233555708,History,Drama,7.984,18110
945961,tt18412256,Alien: Romulus,2024-08-13,119,80000000,350865342,Horror,Science Fiction,7.163,4583
439079,tt5814060,The Nun,2018-09-05,96,22000000,366082797,Horror,N/A,5.904,7181
6479,tt0480249,I Am Legend,2007-12-12,101,150000000,585410052,Drama,Science Fiction,7.217,16883
420818,tt6105098,The Lion King,2019-07-12,118,260000000,1662020819,Adventure,Drama,7.096,10757
616037,tt10648342,Thor: Love and Thunder,2022-07-06,119,250000000,760928081,Fantasy,Action,6.369,8589
10192,tt0892791,Shrek Forever After,2010-05-20,93,165000000,752600867,Comedy,Adventure,6.404,7967
298618,tt0439572,The Flash,2023-06-13,144,220000000,271333313,Action,Science Fiction,6.615,5013
360814,tt5074352,Dangal,2016-12-21,161,10400000,311000000,Drama,Family,7.875,1164
986056,tt20969586,Thunderbolts*,2025-04-30,127,180000000,382436917,Action,Science Fiction,7.291,3579
490132,tt6966692,Green Book,2018-11-16,130,23000000,321752656,Drama,Comedy,8.225,12912
934433,tt17663992,Scream VI,2023-03-08,123,33000000,169063850,Horror,Thriller,6.943,3207
76338,tt1981115,Thor: The Dark World,2013-10-30,112,170000000,644783140,Action,Adventure,6.511,18362
57158,tt1170358,The Hobbit: The Desolation of Smaug,2013-12-11,161,250000000,958400000,Fantasy,Adventure,7.6,14236
713704,tt13345606,Evil Dead Rise,2023-04-12,96,15000000,147256372,Horror,Thriller,6.93,3700
1124,tt0482571,The Prestige,2006-10-19,130,40000000,109676311,Drama,Mystery,8.208,17643
258216,tt1937390,Nymphomaniac: Vol. I,2013-12-25,118,2350000,13545832,Drama,N/A,6.853,3668
91314,tt2109248,Transformers: Age of Extinction,2014-06-25,165,210000000,1105261713,Science Fiction,Action,5.966,8778
109418,tt2191701,Grown Ups 2,2013-07-11,101,80000000,247022278,Comedy,N/A,6.176,4712
47964,tt1606378,A Good Day to Die Hard,2013-02-06,98,92000000,304654182,Action,Thriller,5.334,6769
10527,tt0479952,Madagascar: Escape 2 Africa,2008-10-30,89,150000000,603900354,Adventure,Animation,6.528,7444
546554,tt8946378,Knives Out,2019-11-27,131,40000000,312897920,Comedy,Crime,7.842,14069
508943,tt12801262,Luca,2021-06-17,95,200000000,51074773,Animation,Family,7.782,8965
58244,tt1374992,Upside Down,2012-09-27,104,60000000,22187813,Romance,Science Fiction,6.276,2620
50014,tt1454029,The Help,2011-08-09,146,25000000,216600000,Drama,N/A,8.203,9073
520763,tt8332922,A Quiet Place Part II,2021-05-21,96,55000000,297372261,Science Fiction,Thriller,7.432,7424
184345,tt2828996,A Haunted House 2,2014-04-17,87,4000000,25343661,Comedy,Horror,6.2,1597
283995,tt3896198,Guardians of the Galaxy Vol. 2,2017-04-25,137,200000000,863756051,Science Fiction,Adventure,7.61,22977
14161,tt1190080,2012,2009-10-10,158,200000000,791217826,Action,Adventure,5.882,12764
260513,tt3606756,Incredibles 2,2018-06-14,118,200000000,1243225667,Action,Adventure,7.453,13705
415842,tt1961175,American Assassin,2017-07-14,112,33000000,67200000,Action,Adventure,6.413,3264
399579,tt0437086,Alita: Battle Angel,2019-01-31,122,170000000,405000000,Action,Science Fiction,7.256,10054
273481,tt3397884,Sicario,2015-09-17,122,30000000,84997446,Action,Crime,7.419,9582
381288,tt4972582,Split,2017-01-19,117,9000000,278454358,Horror,Thriller,7.341,18352
497698,tt3480822,Black Widow,2021-07-07,134,200000000,379751131,Action,Adventure,7.168,11270
324552,tt4425200,John Wick: Chapter 2,2017-02-08,122,40000000,171539887,Action,Thriller,7.34,14294
338952,tt4123430,Fantastic Beasts: The Crimes of Grindelwald,2018-11-14,134,200000000,654900000,Fantasy,Adventure,6.834,11487
49444,tt1302011,Kung Fu Panda 2,2011-05-25,91,150000000,665692281,Animation,Family,7.067,7906
10198,tt0780521,The Princess and the Frog,2009-12-08,98,105000000,270997378,Animation,Romance,7.226,6135
573435,tt4919268,Bad Boys: Ride or Die,2024-06-05,116,100000000,404547819,Action,Comedy,7.322,3344
940551,tt6495056,Migration,2023-12-06,83,72000000,298776052,Family,Comedy,7.354,2252
351286,tt4881806,Jurassic World: Fallen Kingdom,2018-06-06,129,170000000,1310469037,Adventure,Science Fiction,6.531,12791
81005,tt1351685,Jack the Giant Slayer,2013-02-27,114,195000000,197700000,Fantasy,Action,5.893,5252
1035259,tt3402138,The Naked Gun,2025-07-30,85,42000000,102147396,Action,Comedy,6.37,1756
675353,tt12412888,Sonic the Hedgehog 2,2022-03-30,123,110000000,405421518,Action,Adventure,7.426,5885
454626,tt3794354,Sonic the Hedgehog,2020-02-12,99,85000000,319715683,Action,Science Fiction,7.282,10409
341174,tt4465564,Fifty Shades Darker,2017-02-08,118,55000000,381545846,Drama,Romance,6.473,7951
139038,tt2243537,A Haunted House,2013-01-11,86,2500000,60141683,Comedy,Horror,5.949,2058
812583,tt14364480,Wake Up Dead Man: A Knives Out Mystery,2025-11-26,145,210000000,4000000,Thriller,Mystery,7.204,2540
566525,tt9376612,Shang-Chi and the Legend of the Ten Rings,2021-09-01,132,150000000,432243292,Action,Adventure,7.495,10418
639988,tt1527793,No Other Choice,2025-09-24,140,12200000,40223568,Comedy,Crime,7.508,1098
493922,tt7784604,Hereditary,2018-06-07,128,10000000,87796204,Horror,Mystery,7.3,8626
493529,tt2906216,Dungeons & Dragons: Honor Among Thieves,2023-03-23,134,151000000,208200000,Adventure,Fantasy,7.352,4670
284052,tt1211837,Doctor Strange,2016-10-25,115,180000000,676343174,Fantasy,Adventure,7.421,23467
414419,tt6019206,Kill Bill: The Whole Bloody Affair,2011-03-27,254,60000000,12338649,Action,Crime,8.097,1314
263472,tt3605418,Knock Knock,2015-06-26,99,10000000,6341684,Horror,Thriller,5.393,3498
38055,tt1001526,Megamind,2010-10-28,96,130000000,321885765,Animation,Action,7.027,7490
10195,tt0800369,Thor,2011-04-21,115,150000000,449326618,Adventure,Fantasy,6.771,22379
127585,tt1877832,X-Men: Days of Future Past,2014-05-15,132,250000000,748045700,Action,Adventure,7.531,16287
281957,tt1663202,The Revenant,2015-12-25,157,135000000,532950503,Western,Drama,7.541,19357
50620,tt1673434,The Twilight Saga: Breaking Dawn - Part 2,2012-11-13,115,120000000,829747654,Fantasy,Drama,6.5,9390
446354,tt6294822,The Post,2017-12-22,116,50000000,179769467,Drama,History,7.005,4923
447332,tt6644200,A Quiet Place,2018-04-03,91,17000000,340955294,Horror,Drama,7.4,15382
242582,tt2872718,Nightcrawler,2014-10-23,118,8500000,47425835,Crime,Drama,7.709,11759
75656,tt1670345,Now You See Me,2013-05-29,116,75000000,351723989,Thriller,Crime,7.33,16825
7518,tt0327084,Over the Hedge,2006-05-17,83,80000000,343397247,Adventure,Animation,6.597,4861
126889,tt2316204,Alien: Covenant,2017-05-09,122,97000000,240891763,Horror,Science Fiction,6.176,9446
137113,tt1631867,Edge of Tomorrow,2014-05-27,114,178000000,370541256,Action,Science Fiction,7.639,15109
635302,tt11032374,Demon Slayer -Kimetsu no Yaiba- The Movie: Mugen Train,2020-10-16,117,15700000,523542183,Animation,Action,8.214,4543
207703,tt2802144,Kingsman: The Secret Service,2015-01-24,129,81000000,414351546,Crime,Comedy,7.621,17848
530385,tt8772262,Midsommar,2019-07-03,147,9000000,48498408,Horror,Drama,7.15,8107
14574,tt0914798,The Boy in the Striped Pyjamas,2008-05-07,94,12500000,20416563,Drama,War,7.82,7684
1271,tt0416449,300,2007-03-07,117,65000000,456082343,Action,Adventure,7.202,14758
1007734,tt28996126,Nobody 2,2025-08-13,89,25000000,43285109,Action,Thriller,6.94,1599
575264,tt9603212,Mission: Impossible - Dead Reckoning Part One,2023-07-08,164,220000000,571125435,Action,Adventure,7.504,5148
204082,tt2312718,Homefront,2013-11-12,100,22000000,51695362,Action,Thriller,6.943,3865
438695,tt6467266,Sing 2,2021-12-01,110,85000000,408402685,Animation,Comedy,7.834,4788
615457,tt7888964,Nobody,2021-03-18,91,16000000,57512470,Action,Thriller,7.877,8382
458156,tt6146586,John Wick: Chapter 3 - Parabellum,2019-05-15,131,55000000,328349908,Action,Thriller,7.439,11770
701387,tt12300742,Bugonia,2025-10-23,119,55000000,43500000,Science Fiction,Thriller,7.323,1994
8681,tt0936501,Taken,2008-02-18,94,25000000,226830568,Action,Thriller,7.407,12132
93456,tt1690953,Despicable Me 2,2013-06-26,98,76000000,970766005,Animation,Comedy,6.945,12009
76492,tt0837562,Hotel Transylvania,2012-09-20,91,85000000,358375603,Animation,Comedy,6.965,9193
359724,tt1950186,Ford v Ferrari,2019-11-13,153,97600000,225508210,Drama,History,8.006,9016
87101,tt1340138,Terminator Genisys,2015-06-23,126,155000000,440603537,Science Fiction,Action,5.957,8993
653346,tt11389872,Kingdom of the Planet of the Apes,2024-05-08,145,160000000,397378150,Science Fiction,Adventure,7.054,4270
32657,tt0814255,Percy Jackson & the Olympians: The Lightning Thief,2010-02-01,118,95000000,226497209,Adventure,Fantasy,6.213,7834
76493,tt1645170,The Dictator,2012-05-15,83,65000000,179379533,Comedy,N/A,6.233,6469
346364,tt1396484,It,2017-09-06,135,35000000,719766009,Horror,Thriller,7.241,20362
82690,tt1772341,Wreck-It Ralph,2012-11-01,101,165000000,471222889,Family,Animation,7.357,13091
7485,tt0822854,Shooter,2007-03-22,124,61000000,95700000,Drama,Action,7.124,5476
926393,tt17024450,The Equalizer 3,2023-08-30,109,70000000,191067560,Action,Thriller,7.291,3740
140300,tt2267968,Kung Fu Panda 3,2016-01-23,95,145000000,521170825,Animation,Action,6.927,6607
297802,tt1477834,Aquaman,2018-12-07,143,160000000,1152028393,Action,Adventure,6.868,14935
810,tt0413267,Shrek the Third,2007-05-17,93,160000000,813367380,Fantasy,Adventure,6.31,9792
582,tt0405094,The Lives of Others,2006-03-23,137,2000000,77672685,Drama,Thriller,8.038,4135
696506,tt12299608,Mickey 17,2025-02-28,137,118000000,133542263,Science Fiction,Comedy,6.835,3608
27582,tt0472399,The Mechanic,2011-01-13,93,40000000,51070807,Action,Thriller,6.5,3611
9072,tt0430304,Little Man,2006-08-31,98,64000000,104003322,Comedy,Crime,5.947,1911
474350,tt7349950,It Chapter Two,2019-09-04,169,79000000,473123154,Horror,Thriller,6.838,9642
291805,tt3110958,Now You See Me 2,2016-06-02,129,120000000,334897606,Crime,Thriller,6.827,11604
190859,tt2179136,American Sniper,2014-12-25,133,58800000,542300000,War,Action,7.412,13667
7512,tt0387808,Idiocracy,2006-09-01,85,30000000,495303,Comedy,Science Fiction,6.375,3575
363088,tt5095030,Ant-Man and the Wasp,2018-07-04,119,140000000,622674139,Action,Adventure,6.902,14210
181812,tt2527338,Star Wars: The Rise of Skywalker,2019-12-18,142,489900000,1074144248,Adventure,Action,6.268,10868
1011477,tt1674782,Karate Kid: Legends,2025-05-08,94,45000000,117105466,Action,Adventure,6.997,1210
646385,tt11245972,Scream,2022-01-12,114,24000000,138874789,Horror,Mystery,6.7,3894
480530,tt6343314,Creed II,2018-11-21,130,50000000,214200000,Drama,Action,7.0,5806
80321,tt1277953,Madagascar 3: Europe's Most Wanted,2012-06-06,93,145000000,746921274,Animation,Family,6.637,6580
245891,tt2911666,John Wick,2014-10-16,101,20000000,86085191,Action,Thriller,7.458,20901
44115,tt1542344,127 Hours,2010-11-12,94,18000000,35700000,Adventure,Drama,7.09,8109
976893,tt27503384,Perfect Days,2023-11-10,124,14000000,24094016,Drama,N/A,7.8,1926
240832,tt2872732,Lucy,2014-07-25,89,40000000,469058574,Action,Science Fiction,6.475,17103
585083,tt9848626,Hotel Transylvania: Transformania,2022-01-31,92,75000000,18500000,Animation,Comedy,7.035,3026
73723,tt1482459,The Lorax,2012-03-01,86,70000000,349305397,Animation,Family,6.529,3890
374720,tt5013056,Dunkirk,2017-07-19,107,150000000,549136737,War,Action,7.453,17601
2207,tt0450232,16 Blocks,2006-03-01,105,55000000,65664721,Action,Adventure,6.459,2110
293167,tt3731562,Kong: Skull Island,2017-03-08,118,185000000,566652812,Action,Adventure,6.554,11156
22794,tt0844471,Cloudy with a Chance of Meatballs,2009-09-17,90,100000000,242988466,Animation,Comedy,6.657,6462
26123,tt1407050,American Pie Presents: The Book of Love,2009-12-02,93,8000000,5021219,Comedy,N/A,5.3,1841
412117,tt5113040,The Secret Life of Pets 2,2019-05-24,86,80000000,429434163,Animation,Comedy,6.95,3339
38575,tt1155076,The Karate Kid,2010-06-10,140,40000000,359126022,Action,Adventure,6.569,6577
299537,tt4154664,Captain Marvel,2019-03-06,124,152000000,1131416446,Action,Adventure,6.781,16777
507089,tt4589218,Five Nights at Freddy's,2023-10-25,110,20000000,297242145,Horror,Thriller,7.313,5043
718930,tt12593682,Bullet Train,2022-08-03,126,90000000,239268602,Action,Comedy,7.4,7577
440471,tt6513656,Escape Plan 2: Hades,2018-06-05,93,20000000,17592626,Action,Thriller,5.162,1563
748783,tt5779228,The Garfield Movie,2024-04-30,101,60000000,254907482,Adventure,Animation,6.987,1445
49530,tt1637688,In Time,2011-10-27,109,40000000,173900000,Action,Thriller,6.971,12179
225886,tt1956620,Sex Tape,2014-07-17,94,40000000,126069509,Comedy,N/A,5.407,4225
15512,tt0892782,Monsters vs Aliens,2009-03-19,94,175000000,381509870,Animation,Family,6.251,4973
232672,tt1086772,Blended,2014-05-21,117,40000000,128000000,Comedy,Romance,6.897,3812
299054,tt3291150,Expend4bles,2023-09-15,103,100000000,37917985,Action,Adventure,6.1,1897
447277,tt5971474,The Little Mermaid,2023-05-18,135,297000000,569626289,Adventure,Family,6.27,3330
260346,tt2446042,Taken 3,2014-12-16,109,48000000,325800000,Thriller,Action,6.267,6156
116745,tt0359950,The Secret Life of Walter Mitty,2013-12-18,114,90000000,188133322,Adventure,Comedy,7.2,8288
615777,tt10640346,Babylon,2022-12-22,189,78000000,65267446,Drama,Comedy,7.3,3786
198184,tt1823672,Chappie,2015-03-04,120,49000000,104399548,Crime,Action,6.791,8497
37799,tt1285016,The Social Network,2010-10-01,121,40000000,224920315,Drama,N/A,7.375,13192
287947,tt0448115,Shazam!,2019-03-29,132,80000000,367799011,Action,Comedy,6.976,10220
257344,tt2120120,Pixels,2015-07-16,106,88000000,244874809,Action,Comedy,5.781,8063
63311,tt1189073,The Skin I Live In,2011-08-17,120,13000000,33750478,Drama,Horror,7.486,4638
206647,tt2379713,Spectre,2015-10-26,148,245000000,880707597,Action,Adventure,6.57,11270
524434,tt9032400,Eternals,2021-11-03,156,200000000,402064899,Science Fiction,Action,6.77,9175
8363,tt0829482,Superbad,2007-08-17,113,20000000,170800000,Comedy,N/A,7.269,8122
292431,tt3774694,Love,2015-07-15,134,3000000,249083,Drama,Romance,6.453,2677
373571,tt3741700,Godzilla: King of the Monsters,2019-05-29,132,170000000,387300138,Science Fiction,Action,6.7,6735
268896,tt2557478,Pacific Rim: Uprising,2018-03-21,111,150000000,290061297,Action,Fantasy,6.128,5356
119450,tt2103281,Dawn of the Planet of the Apes,2014-07-08,130,170000000,710644566,Science Fiction,Action,7.338,12246
739405,tt7985704,Operation Fortune: Ruse de Guerre,2023-01-04,114,50000000,48983306,Action,Comedy,6.465,1965
558449,tt9218128,Gladiator II,2024-11-13,148,310000000,462180717,Action,Adventure,6.609,4476
530915,tt8579674,1917,2019-12-25,119,100000000,446064352,War,History,7.987,13576
49018,tt1591095,Insidious,2011-03-31,102,1500000,100106454,Horror,Thriller,6.9,7340
581392,tt8850222,Peninsula,2020-07-15,116,17000000,42698327,Horror,Action,6.719,2589
273248,tt3460252,The Hateful Eight,2015-12-25,188,44000000,155760117,Drama,Mystery,7.757,15313
27578,tt1320253,The Expendables,2010-08-07,103,80000000,274470394,Thriller,Adventure,6.3,8310
308266,tt2005151,War Dogs,2016-08-18,114,50000000,86234523,Comedy,Crime,6.943,5496
131631,tt1951265,The Hunger Games: Mockingjay - Part 1,2014-11-19,123,125000000,755356711,Science Fiction,Adventure,6.818,16750
335983,tt1270797,Venom,2018-09-28,112,116000000,856085151,Science Fiction,Action,6.826,17266
397243,tt3289956,The Autopsy of Jane Doe,2016-12-21,86,4000000,6170043,Horror,Mystery,6.836,4746
1949,tt0443706,Zodiac,2007-03-02,157,65000000,84785914,Crime,Mystery,7.531,11587
752623,tt13320622,The Lost City,2022-03-23,112,74000000,192907684,Action,Adventure,6.456,4005
273477,tt1727776,Scouts Guide to the Zombie Apocalypse,2015-10-23,93,15000000,14900000,Comedy,Horror,6.572,2132
49519,tt0481499,The Croods,2013-03-15,99,135000000,587204668,Animation,Adventure,6.941,7545
1071585,tt26342662,M3GAN 2.0,2025-06-25,120,15000000,39173710,Action,Science Fiction,7.199,1358
18239,tt1259571,The Twilight Saga: New Moon,2009-11-18,131,50000000,709827462,Adventure,Fantasy,5.989,9765
70981,tt1446714,Prometheus,2012-05-30,124,130000000,403354469,Science Fiction,Mystery,6.598,13294
37724,tt1074638,Skyfall,2012-10-24,143,200000000,1108594176,Action,Adventure,7.263,16151
870028,tt7068946,The Accountant²,2025-04-23,133,80000000,103223366,Mystery,Crime,7.082,1789
420809,tt4777008,Maleficent: Mistress of Evil,2019-10-16,119,185000000,491730089,Family,Fantasy,7.3,6507
746036,tt1684562,The Fall Guy,2024-04-24,127,125000000,181073291,Action,Comedy,6.958,3789
335977,tt1462764,Indiana Jones and the Dial of Destiny,2023-06-25,155,294700000,383963057,Adventure,Action,6.512,4176
46195,tt1436562,Rio,2011-04-03,96,90000000,483866772,Animation,Adventure,6.8,7185
1084199,tt26584495,Companion,2025-01-22,97,10000000,36869122,Horror,Science Fiction,7.018,2325
424694,tt1727824,Bohemian Rhapsody,2018-10-24,135,52000000,910813521,Music,Drama,7.958,17811
756999,tt7144666,The Black Phone,2022-06-16,103,16000000,161441914,Horror,Thriller,7.521,5864
787699,tt6166392,Wonka,2023-12-06,117,125000000,634502312,Comedy,Family,7.036,4402
330459,tt3748528,Rogue One: A Star Wars Story,2016-12-14,133,200000000,1056057273,Action,Adventure,7.507,16448
50646,tt1570728,"Crazy, Stupid, Love.",2011-07-29,118,50000000,145079584,Comedy,Drama,7.3,9307
940721,tt23289160,Godzilla Minus One,2023-11-03,125,15000000,113676322,Science Fiction,Horror,7.572,3198
26389,tt1179034,From Paris with Love,2010-02-04,92,52000000,52800000,Action,Crime,6.403,2342
1265,tt0398808,Bridge to Terabithia,2007-02-15,95,60000000,137587063,Adventure,Drama,7.336,5284
246655,tt3385516,X-Men: Apocalypse,2016-05-18,144,178000000,543934787,Science Fiction,Fantasy,6.525,13798
120467,tt2278388,The Grand Budapest Hotel,2014-02-26,100,30000000,174600318,Comedy,Drama,8.0,16136
436270,tt6443346,Black Adam,2022-10-19,125,200000000,393452111,Action,Adventure,6.8,7041
19913,tt1022603,(500) Days of Summer,2009-07-17,95,7500000,60781545,Comedy,Drama,7.301,11058
44214,tt0947798,Black Swan,2010-12-03,108,13000000,329398046,Drama,Thriller,7.686,15588
512200,tt7975244,Jumanji: The Next Level,2019-12-04,123,125000000,801693929,Adventure,Comedy,6.875,9394
61791,tt1318514,Rise of the Planet of the Apes,2011-08-03,105,93000000,481800873,Thriller,Action,7.344,12776
423108,tt7069210,The Conjuring: The Devil Made Me Do It,2021-05-25,111,39000000,206444123,Horror,Mystery,7.351,6556
335787,tt1464335,Uncharted,2022-02-10,116,120000000,407141258,Action,Adventure,6.886,6895
57214,tt1636826,Project X,2012-03-01,88,12000000,102731865,Comedy,N/A,6.902,6855
531428,tt8613070,Portrait of a Lady on Fire,2019-09-06,121,5740000,9923127,Drama,Romance,8.1,2945
19994,tt1131734,Jennifer's Body,2009-09-18,107,16000000,31556061,Horror,Comedy,5.996,4264
527774,tt5109280,Raya and the Last Dragon,2021-03-03,107,100000000,130423032,Animation,Action,7.801,7309
184315,tt1267297,Hercules,2014-07-23,98,100000000,244819862,Action,Adventure,5.802,4357
50546,tt1564367,Just Go with It,2011-02-10,117,80000000,214945591,Comedy,Romance,6.71,6135
339846,tt1469304,Baywatch,2017-05-25,116,69000000,177900000,Comedy,Action,6.082,8510
604079,tt10374610,The Long Walk,2025-09-10,108,20000000,63103084,Science Fiction,Thriller,6.906,1560
629542,tt8115900,The Bad Guys,2022-03-17,100,80000000,250162278,Action,Animation,7.531,2567
398818,tt5726616,Call Me by Your Name,2017-10-01,132,3500000,43143046,Romance,Drama,8.1,12764
353486,tt2283362,Jumanji: Welcome to the Jungle,2017-12-09,119,90000000,995339117,Adventure,Comedy,6.819,14523
744276,tt13070038,After Ever Happy,2022-08-24,95,14000000,19238073,Romance,Drama,6.771,1370
339403,tt3890160,Baby Driver,2017-06-28,113,34000000,226945087,Action,Crime,7.444,16867
1241436,tt31434639,Warfare,2025-04-09,95,20000000,34902602,War,Action,7.085,1467
1124620,tt27714946,The Monkey,2025-02-10,97,10000000,68871071,Horror,Comedy,5.999,1345
476669,tt6856242,The King's Man,2021-12-22,131,100000000,125897478,Action,Adventure,6.712,5073
661374,tt11564570,Glass Onion: A Knives Out Mystery,2022-11-23,140,40000000,15000000,Comedy,Crime,7.032,6859
512195,tt7991608,Red Notice,2021-11-04,118,160000000,178143,Action,Comedy,6.731,6463
799583,tt5177120,The Ministry of Ungentlemanly Warfare,2024-04-18,120,60000000,29768915,Action,Comedy,7.014,1902
62211,tt1453405,Monsters University,2013-06-19,104,200000000,743559465,Animation,Family,7.051,11339
845781,tt14948432,Red One,2024-10-31,124,250000000,185700759,Action,Comedy,6.983,3051
290859,tt6450804,Terminator: Dark Fate,2019-10-23,128,185000000,261119292,Science Fiction,Action,6.4,5686
118340,tt2015381,Guardians of the Galaxy,2014-07-30,121,170000000,772776600,Action,Science Fiction,7.906,29771
560016,tt9214772,Monkey Man,2024-04-03,122,10000000,35271631,Thriller,Crime,6.866,1418
381284,tt4846340,Hidden Figures,2016-12-10,127,25000000,235957472,Drama,History,8.044,10470
101299,tt1951264,The Hunger Games: Catching Fire,2013-11-15,146,130000000,865011746,Adventure,Action,7.428,18470
343611,tt3393786,Jack Reacher: Never Go Back,2016-10-19,118,60000000,162100000,Action,Thriller,6.021,5360
624860,tt10838180,The Matrix Resurrections,2021-12-16,148,190000000,156497322,Science Fiction,Action,6.331,6500
1593,tt0477347,Night at the Museum,2006-12-20,108,110000000,574480841,Fantasy,Family,6.6,10979
35,tt0462538,The Simpsons Movie,2007-07-25,87,75000000,527068851,Animation,Comedy,7.023,8568
752,tt0434409,V for Vendetta,2006-02-23,132,54000000,134686457,Action,Thriller,7.901,15596
12429,tt0876563,Ponyo,2008-07-19,100,34000000,202404009,Animation,Fantasy,7.756,4833
577922,tt6723592,Tenet,2020-08-22,150,205000000,365304105,Action,Thriller,7.175,11131
884605,tt15671028,No Hard Feelings,2023-06-15,103,45000000,83000000,Comedy,Romance,6.676,3862
141052,tt0974015,Justice League,2017-11-15,120,300000000,661326987,Action,Adventure,6.073,13690
64690,tt0780504,Drive,2011-09-15,100,15000000,79713640,Drama,Thriller,7.583,13666
1771,tt0458339,Captain America: The First Avenger,2011-07-22,124,140000000,370569774,Action,Adventure,7.008,22769
760104,tt13560574,X,2022-03-17,106,1000000,14745049,Horror,N/A,6.719,3978
1151031,tt32246771,Bring Her Back,2025-05-19,104,15000000,39410222,Horror,N/A,7.353,1698
549509,tt8999762,The Brutalist,2024-12-20,215,9600000,50145227,Drama,N/A,6.955,1672
145135,tt2387433,Dark Skies,2013-02-21,97,3500000,27858103,Science Fiction,Thriller,6.355,1957
1250,tt0259324,Ghost Rider,2007-01-15,114,110000000,228738393,Thriller,Action,5.61,6487
1232546,tt30955489,Until Dawn,2025-04-23,103,15000000,54105064,Horror,Mystery,6.278,1439
23483,tt1250777,Kick-Ass,2010-03-26,118,28000000,96188903,Action,Crime,7.124,12405
459151,tt6932874,The Boss Baby: Family Business,2021-07-01,107,82000000,146745280,Animation,Comedy,7.326,2692
14001,tt0455760,Dead Silence,2007-03-16,89,20000000,22382047,Horror,N/A,6.453,2454
13475,tt0796366,Star Trek,2009-05-06,127,150000000,386839614,Science Fiction,Action,7.431,10512
646380,tt11286314,Don't Look Up,2021-12-08,138,75000000,791863,Comedy,Science Fiction,7.065,9378
698687,tt8864596,Transformers One,2024-09-11,104,75000000,129408392,Animation,Science Fiction,7.968,1640
335988,tt3371366,Transformers: The Last Knight,2017-06-16,154,217000000,605425157,Action,Adventure,6.057,6732
38321,tt0822847,Priest,2011-05-05,87,60000000,84154026,Action,Fantasy,5.879,2539
24021,tt1325004,The Twilight Saga: Eclipse,2010-06-23,124,68000000,698491347,Adventure,Fantasy,6.193,9261
4922,tt0421715,The Curious Case of Benjamin Button,2008-12-25,166,150000000,335802786,Drama,Fantasy,7.6,13756
312221,tt3076658,Creed,2015-11-25,133,37000000,173600000,Drama,N/A,7.407,7973
43347,tt0758752,Love & Other Drugs,2010-11-22,112,30000000,102800000,Drama,Comedy,7.044,5624
98566,tt1291150,Teenage Mutant Ninja Turtles,2014-08-07,101,125000000,485004754,Science Fiction,Action,5.93,7201
792307,tt14230458,Poor Things,2023-12-07,141,35000000,117607117,Science Fiction,Romance,7.639,5518
138832,tt1723121,We're the Millers,2013-08-07,110,37000000,270000000,Comedy,Crime,6.844,9476
152601,tt1798709,Her,2013-12-18,126,23000000,47351251,Romance,Science Fiction,7.839,15336
420634,tt4281724,Terrifier,2018-01-25,84,35000,421798,Horror,N/A,6.313,2975
310131,tt4263482,The Witch,2016-02-19,92,4000000,40423945,Horror,N/A,7.002,7666
360920,tt2709692,The Grinch,2018-11-08,85,75000000,552976825,Animation,Comedy,6.864,4442
588,tt0384537,Silent Hill,2006-04-21,125,50000000,100605135,Horror,Mystery,6.637,4918
1064028,tt24871974,Subservience,2024-08-15,105,4400000,262793,Horror,Science Fiction,6.611,1015
776503,tt10366460,CODA,2021-08-13,112,10000000,1905058,Drama,Music,7.887,2597
969492,tt19864802,Land of Bad,2024-02-09,113,18000000,7021101,Action,War,7.249,1497
281338,tt3450958,War for the Planet of the Apes,2017-07-11,140,150000000,490719763,Drama,Science Fiction,7.217,9738
4523,tt0461770,Enchanted,2007-11-20,107,85000000,340487652,Comedy,Family,6.845,5720
127380,tt2277860,Finding Dory,2016-06-16,97,200000000,1029266989,Adventure,Animation,7.041,12667
13183,tt0409459,Watchmen,2009-03-04,163,130000000,185258983,Mystery,Action,7.356,10020
1284120,tt29344903,The Ugly Stepsister,2025-03-07,109,4250000,5325096,Horror,Comedy,7.321,1188
345887,tt3766354,The Equalizer 2,2018-07-19,121,62000000,190400157,Action,Thriller,6.79,5999
967941,tt19847976,Wicked: For Good,2025-11-19,137,150000000,539042601,Fantasy,Adventure,6.626,1025
137106,tt1490017,The Lego Movie,2014-02-06,100,60000000,470759687,Animation,Family,7.429,8505
335797,tt3470600,Sing,2016-11-23,108,75000000,634151679,Animation,Comedy,7.124,8440
1242011,tt31184028,Together,2025-07-14,102,17000000,34747399,Horror,Romance,6.926,1168
399566,tt5034838,Godzilla vs. Kong,2021-03-24,114,200000000,470116094,Action,Science Fiction,7.5,10653
522627,tt8367814,The Gentlemen,2020-01-01,113,22000000,115171795,Action,Comedy,7.662,6627
181533,tt2692250,Night at the Museum: Secret of the Tomb,2014-12-17,98,127000000,363204635,Adventure,Comedy,6.224,6234
404368,tt5848272,Ralph Breaks the Internet,2018-11-20,112,175000000,529323962,Action,Adventure,7.162,8118
124905,tt0831387,Godzilla,2014-05-14,123,160000000,524978362,Action,Drama,6.361,9811
640146,tt10954600,Ant-Man and the Wasp: Quantumania,2023-02-15,125,326600000,476071180,Action,Adventure,6.226,5862
153518,tt1985949,The Angry Birds Movie,2016-05-11,97,73000000,349779543,Animation,Adventure,6.268,4006
9655,tt0454945,She's the Man,2006-03-17,105,20000000,57194667,Comedy,Romance,6.817,3296
514847,tt8244784,The Hunt,2020-03-11,90,14000000,12400979,Action,Thriller,6.645,3674
294254,tt4046784,Maze Runner: The Scorch Trials,2015-09-09,131,61000000,312296056,Science Fiction,Action,6.73,11051
49529,tt0401729,John Carter,2012-03-07,132,263700000,284100000,Action,Adventure,6.372,6122
18405,tt0844708,The Last House on the Left,2009-03-13,113,15000000,32721635,Crime,Thriller,6.497,1961
157350,tt1840309,Divergent,2014-03-14,140,85000000,288885818,Action,Adventure,6.905,13499
450465,tt6823368,Glass,2019-01-16,129,20000000,246999039,Thriller,Drama,6.665,9099
105864,tt1979388,The Good Dinosaur,2015-11-14,93,175000000,332207671,Adventure,Animation,6.746,6016
5876,tt0884328,The Mist,2007-11-21,126,18000000,57470220,Horror,Science Fiction,6.945,5859
9339,tt0389860,Click,2006-06-23,107,82500000,240685326,Comedy,Drama,6.3,7583
522938,tt1206885,Rambo: Last Blood,2019-09-18,89,50000000,91500000,Action,Thriller,6.531,4233
4638,tt0425112,Hot Fuzz,2007-02-14,121,12000000,80600000,Crime,Action,7.566,8366
882569,tt4873118,Guy Ritchie's The Covenant,2023-04-19,123,55000000,21948551,War,Action,7.72,3199
428078,tt1571234,Mortal Engines,2018-11-27,128,100000000,83869818,Adventure,Science Fiction,6.223,5160
333484,tt2404435,The Magnificent Seven,2016-09-14,132,90000000,162400000,Adventure,Action,6.491,6426
34851,tt1424381,Predators,2010-07-07,107,40000000,127233108,Science Fiction,Action,6.302,4648
1735,tt0859163,The Mummy: Tomb of the Dragon Emperor,2008-07-01,112,145000000,403449830,Adventure,Action,5.5,4828
426063,tt5040012,Nosferatu,2024-12-25,133,50000000,181805645,Horror,Fantasy,6.7,3693
402900,tt5164214,Ocean's Eight,2018-06-07,111,70000000,297718711,Crime,Comedy,6.955,8814
882598,tt15474916,Smile,2022-09-23,115,17000000,217408513,Horror,Mystery,6.673,4073
5559,tt0389790,Bee Movie,2007-10-28,91,150000000,287594577,Family,Animation,6.045,5290
337339,tt4630562,The Fate of the Furious,2017-04-12,136,250000000,1236000000,Action,Crime,6.853,10831
1097549,tt30057084,Babygirl,2024-12-25,115,20000000,60934894,Romance,Thriller,5.7,1214
889737,tt11315808,Joker: Folie à Deux,2024-10-01,138,190000000,207500287,Drama,Crime,5.402,2939
283366,tt1935859,Miss Peregrine's Home for Peculiar Children,2016-09-28,127,110000000,296482446,Adventure,Fantasy,6.839,10488
138103,tt2333784,The Expendables 3,2014-08-07,126,95000000,214657577,Action,Adventure,6.2,5357
9757,tt0477051,Norbit,2007-02-08,102,10000000,159814490,Comedy,N/A,5.671,2600
45243,tt1411697,The Hangover Part II,2011-05-25,102,80000000,586764305,Comedy,N/A,6.507,11302
7345,tt0469494,There Will Be Blood,2007-12-26,158,25000000,77208711,Drama,N/A,8.077,7477
10315,tt0432283,Fantastic Mr. Fox,2009-10-14,87,40000000,46471023,Adventure,Animation,7.825,6129
1226578,tt23468450,Longlegs,2024-07-10,101,10000000,127961936,Crime,Horror,6.527,2683
12201,tt1226273,Edge of Darkness,2010-01-28,117,80000000,81126522,Crime,Drama,6.438,1747
110415,tt1706620,Snowpiercer,2013-08-01,127,39200000,86758912,Action,Science Fiction,6.908,10445
51876,tt1219289,Limitless,2011-03-17,106,27000000,161900000,Thriller,Mystery,7.201,11506
392044,tt3402236,Murder on the Orient Express,2017-11-03,114,55000000,352800000,Mystery,Drama,6.707,10565
951491,tt21807222,Saw X,2023-09-27,118,13000000,125319714,Horror,Mystery,7.159,2378
556694,tt9198364,Three Thousand Years of Longing,2022-08-24,108,60000000,20300000,Drama,Fantasy,6.883,1666
6477,tt0952640,Alvin and the Chipmunks,2007-12-13,92,60000000,361366633,Comedy,Family,5.838,4749
929590,tt17279496,Civil War,2024-04-10,109,50000000,126542249,War,Action,6.9,4350
307081,tt1798684,Southpaw,2015-07-22,123,30000000,91709827,Action,Drama,7.4,5829
311324,tt2034800,The Great Wall,2016-12-16,103,150000000,331957105,Action,Adventure,6.032,5551
331482,tt3281548,Little Women,2019-12-25,135,40000000,332103783,Drama,Romance,7.9,6846
670292,tt11858890,The Creator,2023-09-27,134,80000000,104272136,Science Fiction,Action,7.039,3921
443791,tt5774060,Underwater,2020-01-08,95,50000000,40882928,Horror,Science Fiction,6.3,3482
980489,tt4495098,Gran Turismo,2023-08-09,135,60000000,121700000,Adventure,Drama,7.707,3429
22832,tt1186367,Ninja Assassin,2009-09-29,99,40000000,61601280,Action,Adventure,6.7,1791
4564,tt1000774,Sex and the City,2008-05-12,146,65000000,418800000,Comedy,Drama,6.5,2269
11619,tt0424095,Flushed Away,2006-10-22,85,149000000,178120010,Adventure,Animation,6.327,4103
7980,tt0380510,The Lovely Bones,2009-12-26,136,65000000,93600000,Fantasy,Drama,7.1,4959
324849,tt4116284,The Lego Batman Movie,2017-02-08,104,80000000,311950384,Animation,Action,7.248,5426
460458,tt6920084,Resident Evil: Welcome to Raccoon City,2021-11-24,107,25000000,41914915,Action,Horror,5.9,2703
180299,tt2265171,The Raid 2,2014-03-27,150,4500000,6566916,Action,Crime,7.616,2598
75780,tt0790724,Jack Reacher,2012-12-20,130,60000000,218300000,Crime,Drama,6.667,7659
282035,tt2345759,The Mummy,2017-06-06,110,125000000,409231607,Fantasy,Thriller,5.521,7658
677179,tt11145118,Creed III,2023-03-01,116,75000000,275300000,Drama,Action,7.084,2886
1100099,tt27131358,We Live in Time,2024-10-10,108,20000000,37182814,Romance,Drama,7.2,1291
28178,tt1028532,Hachi: A Dog's Tale,2009-06-08,93,16000000,46800000,Drama,Family,8.007,7195
11631,tt0795421,Mamma Mia!,2008-07-03,108,52000000,609841637,Comedy,Romance,7.0,7010
663712,tt10403420,Terrifier 2,2022-10-06,138,250000,15815602,Horror,N/A,6.673,2501
1948,tt0479884,Crank,2006-08-31,88,12000000,42900000,Action,Thriller,6.7,4228
82507,tt1922777,Sinister,2012-03-29,110,3000000,82515113,Horror,Thriller,6.9,6052
257211,tt2361509,The Intern,2015-09-23,121,35000000,194564672,Comedy,N/A,7.231,7345
466420,tt5537002,Killers of the Flower Moon,2023-10-18,206,200000000,158722599,Crime,History,7.399,4149
398978,tt1302006,The Irishman,2019-11-01,209,159000000,968853,Crime,Drama,7.576,7535
9792,tt0454841,The Hills Have Eyes,2006-03-10,107,15000000,69623713,Horror,Thriller,6.47,3359
1079091,tt10655524,It Ends with Us,2024-08-07,131,55000000,351441044,Drama,Romance,6.947,1961
71676,tt1071875,Ghost Rider: Spirit of Vengeance,2011-12-10,96,57000000,132563930,Action,Fantasy,5.024,4087
300671,tt4172430,13 Hours: The Secret Soldiers of Benghazi,2016-01-14,144,50000000,69411370,War,Action,7.273,3961
76025,tt1723811,Shame,2011-10-02,102,6500000,3909002,Drama,N/A,6.929,3418
41630,tt1411238,No Strings Attached,2011-01-21,107,25000000,149200000,Comedy,Romance,6.295,4999
1084736,tt26446278,The Count of Monte Cristo,2024-06-28,178,46000000,75360860,Adventure,Action,7.9,2036
94329,tt1899353,The Raid,2012-03-22,101,1100000,9148519,Action,Thriller,7.406,3882
297761,tt1386697,Suicide Squad,2016-08-03,122,175000000,749200054,Action,Adventure,5.917,22127
9297,tt0385880,Monster House,2006-06-30,91,75000000,140175006,Animation,Comedy,6.709,4338
10764,tt0830515,Quantum of Solace,2008-10-29,106,200000000,589593688,Adventure,Action,6.337,8567
7555,tt0462499,Rambo,2008-01-24,92,50000000,113200000,Action,Thriller,6.698,4279
400155,tt5220122,Hotel Transylvania 3: Summer Vacation,2018-06-28,97,80000000,528600000,Animation,Comedy,6.851,4708
33217,tt1196141,Diary of a Wimpy Kid,2010-03-19,92,15000000,75700000,Comedy,Family,6.273,1773
159824,tt2510894,Hotel Transylvania 2,2015-09-21,89,80000000,473200000,Animation,Comedy,6.764,6137
1126166,tt10078772,Flight Risk,2025-01-22,91,25000000,48703174,Action,Thriller,5.933,1160
320288,tt6565702,Dark Phoenix,2019-06-05,114,200000000,252442974,Science Fiction,Action,5.967,7093
1100782,tt29268110,Smile 2,2024-10-16,127,28000000,138128854,Horror,Music,6.591,2181
454640,tt6095472,The Angry Birds Movie 2,2019-08-02,97,65000000,137792047,Animation,Adventure,7.054,1889
241259,tt2567026,Alice Through the Looking Glass,2016-05-25,113,170000000,299457024,Adventure,Family,6.565,6789
44833,tt1440129,Battleship,2012-04-11,131,209000000,303025485,Thriller,Action,5.903,5978
22881,tt0878804,The Blind Side,2009-11-20,129,29000000,309231694,Drama,N/A,7.667,6860
400535,tt5052474,Sicario: Day of the Soldado,2018-06-27,122,35000000,75836683,Action,Crime,6.944,4055
913290,tt15791034,Barbarian,2022-09-08,103,4500000,45400000,Horror,Mystery,6.851,3274
724495,tt8093700,The Woman King,2022-09-16,135,50000000,97562514,Action,Drama,7.589,2372
19912,tt1144884,The Final Destination,2009-08-26,82,40000000,187384627,Horror,Mystery,5.612,3919
87516,tt1321511,Oldboy,2013-11-14,104,30000000,5200000,Thriller,Mystery,5.938,2146
529203,tt2850386,The Croods: A New Age,2020-11-25,95,65000000,215905815,Animation,Family,7.439,4151
296098,tt3682448,Bridge of Spies,2015-10-15,141,40000000,165478348,Thriller,Drama,7.24,7282
72545,tt1397514,Journey 2: The Mysterious Island,2012-01-19,94,79000000,355692760,Adventure,Action,6.145,4518
695721,tt10545296,The Hunger Games: The Ballad of Songbirds & Snakes,2023-11-15,157,100000000,337371917,Science Fiction,Action,7.0,3516
968051,tt10160976,The Nun II,2023-09-06,110,38500000,269670590,Horror,N/A,6.645,2473
336843,tt4500922,Maze Runner: The Death Cure,2018-01-10,143,62000000,288418190,Science Fiction,Action,7.082,8413
131634,tt1951266,The Hunger Games: Mockingjay - Part 2,2015-11-18,137,160000000,653428261,Action,Adventure,6.902,13365
274857,tt1972591,King Arthur: Legend of the Sword,2017-05-10,126,175000000,149175066,Action,Drama,6.558,6069
346910,tt3829266,The Predator,2018-09-05,107,88000000,160542134,Science Fiction,Action,5.622,5157
77950,tt1860353,Turbo,2013-07-11,96,135000000,282570682,Animation,Family,6.269,3680
318846,tt1596363,The Big Short,2015-12-11,131,28000000,133346506,Comedy,Drama,7.367,9862
49797,tt1588170,I Saw the Devil,2010-08-12,144,6000000,12966357,Thriller,Horror,7.8,3036
10528,tt0988045,Sherlock Holmes,2009-12-23,129,90000000,524028679,Adventure,Crime,7.221,14797
4347,tt0783233,Atonement,2007-02-27,123,30000000,131016624,Drama,Romance,7.634,4712
447404,tt5884052,Pokémon Detective Pikachu,2019-05-03,105,150000000,450063166,Action,Adventure,6.905,7369
593643,tt9764362,The Menu,2022-11-17,107,35000000,79628200,Comedy,Horror,7.18,6270
44912,tt1133985,Green Lantern,2011-06-14,114,200000000,219851172,Adventure,Action,5.187,7674
580489,tt7097896,Venom: Let There Be Carnage,2021-09-30,97,110000000,506863592,Science Fiction,Action,6.745,11195
316029,tt1485796,The Greatest Showman,2017-12-20,105,84000000,459066134,Drama,N/A,7.858,10075
300668,tt2798920,Annihilation,2018-02-22,115,40000000,43070915,Science Fiction,Horror,6.441,9387
391713,tt4925292,Lady Bird,2017-09-01,94,10000000,79000000,Drama,Comedy,7.252,9034
26466,tt1187064,Triangle,2009-10-16,99,12000000,1594955,Horror,N/A,6.921,3002
1008042,tt10638522,Talk to Me,2023-07-26,95,4500000,91959188,Horror,N/A,7.143,3763
117263,tt2302755,Olympus Has Fallen,2013-03-20,120,70000000,170270201,Action,Thriller,6.416,7077
262500,tt2908446,Insurgent,2015-03-18,119,110000000,297002527,Action,Science Fiction,6.36,10456
76163,tt1764651,The Expendables 2,2012-08-08,103,100000000,314975955,Action,Adventure,6.4,7200
417859,tt0448694,Puss in Boots,2011-10-27,90,130000000,554987477,Action,Adventure,6.599,4581
399402,tt1846589,Hunter Killer,2018-10-19,121,40000000,31672678,Action,Thriller,6.912,2414
937278,tt7405458,A Man Called Otto,2022-12-28,126,50000000,113360085,Comedy,Drama,7.751,3602
937287,tt16426418,Challengers,2024-04-18,132,55000000,94182533,Drama,Romance,6.9,2696
172385,tt2357291,Rio 2,2014-03-19,101,103000000,498781117,Animation,Adventure,6.5,3769
464052,tt7126948,Wonder Woman 1984,2020-12-16,151,200000000,169601036,Action,Adventure,6.365,9077
8909,tt0493464,Wanted,2008-06-19,110,75000000,342463063,Action,Thriller,6.5,7611
8204,tt0416236,The Spiderwick Chronicles,2008-02-14,95,90000000,164200000,Family,Adventure,6.706,2867
5174,tt0293564,Rush Hour 3,2007-08-08,90,140000000,258097122,Action,Comedy,6.499,3731
1427,tt0396171,Perfume: The Story of a Murderer,2006-09-13,147,63700000,135039924,Crime,Fantasy,7.365,5022
64688,tt1232829,21 Jump Street,2012-03-14,109,42000000,201585328,Action,Comedy,6.887,11048
762504,tt10954984,Nope,2022-07-20,130,68000000,171932082,Horror,Science Fiction,6.823,4922
531309,tt7752126,Brightburn,2019-05-09,91,6000000,33224654,Horror,Science Fiction,6.155,3479
2454,tt0499448,The Chronicles of Narnia: Prince Caspian,2008-05-15,150,225000000,419665568,Adventure,Family,6.632,6783
324852,tt3469046,Despicable Me 3,2017-06-15,90,80000000,1034800131,Action,Animation,6.5,7642
10030,tt0452625,Good Luck Chuck,2007-09-21,101,25000000,59768495,Comedy,Romance,5.9,1667
38234,tt1156466,Undisputed III: Redemption,2010-04-17,96,3000000,76500000,Action,Thriller,7.571,1031
308531,tt3949660,Teenage Mutant Ninja Turtles: Out of the Shadows,2016-05-30,112,135000000,245623848,Action,Adventure,6.058,3811
718789,tt10298810,Lightyear,2022-06-15,105,200000000,226425420,Animation,Science Fiction,6.869,3821
609681,tt10676048,The Marvels,2023-11-08,105,274800000,206136825,Science Fiction,Adventure,5.939,3412
81188,tt1446192,Rise of the Guardians,2012-11-21,97,145000000,306941670,Action,Adventure,7.376,7164
270303,tt3235888,It Follows,2015-02-04,101,2300000,23374076,Horror,Mystery,6.583,6934
337401,tt4566758,Mulan,2020-09-04,115,200000000,69965374,Adventure,Fantasy,6.8,7055
264660,tt0470752,Ex Machina,2015-01-21,108,15000000,36869414,Drama,Science Fiction,7.573,14289
290250,tt3799694,The Nice Guys,2016-05-15,116,50000000,71261763,Comedy,Crime,7.132,8679
1023922,tt22048412,MaXXXine,2024-07-04,103,10000000,22057160,Horror,Thriller,6.294,1512
423204,tt6189022,Angel Has Fallen,2019-08-21,122,40000000,146661977,Action,Thriller,6.604,3897
109428,tt1288558,Evil Dead,2013-04-05,91,17000000,99010045,Horror,N/A,6.607,5054
343668,tt4649466,Kingsman: The Golden Circle,2017-09-20,141,104000000,410902662,Action,Adventure,6.945,11154
13053,tt0397892,Bolt,2008-11-21,98,150000000,309979994,Animation,Family,6.544,6507
100402,tt1843866,Captain America: The Winter Soldier,2014-03-20,136,170000000,714766572,Action,Adventure,7.656,20050
302946,tt2140479,The Accountant,2016-10-13,128,44000000,155160045,Crime,Thriller,7.138,7372
725201,tt1649418,The Gray Man,2022-07-13,128,200000000,454023,Action,Thriller,6.898,4250
661539,tt11563598,A Complete Unknown,2024-12-25,141,65000000,140508652,Drama,Music,7.1,1459
87827,tt0454876,Life of Pi,2012-11-20,127,120000000,609016565,Adventure,Drama,7.41,13794
19908,tt1156398,Zombieland,2009-10-02,87,23600000,102391540,Comedy,Horror,7.259,13206
570670,tt1051906,The Invisible Man,2020-02-26,124,7000000,144492724,Thriller,Science Fiction,7.089,6290
76757,tt1617661,Jupiter Ascending,2015-02-04,127,176000000,184000000,Science Fiction,Fantasy,5.468,7128
12244,tt0472033,9,2009-08-19,79,30000000,48428063,Action,Adventure,7.0,3899
4982,tt0765429,American Gangster,2007-11-02,157,100000000,269755430,Drama,Crime,7.594,6062
13223,tt1205489,Gran Torino,2008-12-12,116,33000000,270000000,Drama,N/A,7.991,11606
70160,tt1392170,The Hunger Games,2012-03-12,142,75000000,694000000,Science Fiction,Adventure,7.224,23336
974576,tt20215234,Conclave,2024-10-25,120,20000000,115657988,Drama,Thriller,7.195,3425
22803,tt1197624,Law Abiding Citizen,2009-10-15,109,53000000,127900000,Drama,Crime,7.4,5689
96721,tt1979320,Rush,2013-09-02,123,38000000,90200000,Drama,Action,7.741,7849
646389,tt5884796,Plane,2023-01-11,107,25000000,74515586,Action,Adventure,6.897,2671
614696,tt10620868,#Alive,2020-06-24,98,6300000,13416285,Action,Horror,7.215,2051
38700,tt1502397,Bad Boys for Life,2020-01-15,124,90000000,426505244,Thriller,Action,7.113,8755
762441,tt13433802,A Quiet Place: Day One,2024-06-26,100,67000000,261907653,Horror,Science Fiction,6.6,3369
274855,tt1981128,Geostorm,2017-10-12,109,120000000,221600160,Action,Science Fiction,6.126,5194
785084,tt13833688,The Whale,2022-12-09,117,3000000,57615635,Drama,N/A,7.769,4708
339964,tt2239822,Valerian and the City of a Thousand Planets,2017-07-19,137,177200000,225973340,Adventure,Science Fiction,6.64,8022
949423,tt18925334,Pearl,2022-09-16,102,1000000,9847490,Horror,Drama,7.234,2598
1114513,tt27534307,Speak No Evil,2024-09-11,110,15000000,77239314,Horror,Thriller,7.119,2141
495764,tt7713068,Birds of Prey (and the Fantabulous Emancipation of One Harley Quinn),2020-02-05,109,75000000,205537933,Action,Crime,6.9,10833
82675,tt1397280,Taken 2,2012-09-27,91,45000000,376100000,Action,Crime,6.368,7122
451048,tt0870154,Jungle Cruise,2021-07-28,127,200000000,220889446,Fantasy,Comedy,7.289,6185
2503,tt0440963,The Bourne Ultimatum,2007-08-03,115,70000000,442824138,Action,Drama,7.439,8384
1440,tt0404203,Little Children,2006-10-06,137,26000000,14821658,Drama,Romance,7.081,1155
663,tt0890870,Saw IV,2007-10-25,93,10000000,139352653,Horror,Thriller,6.168,4115
22970,tt1259521,The Cabin in the Woods,2012-04-12,95,30000000,71038838,Horror,Mystery,6.653,8593
103663,tt2106476,The Hunt,2012-10-25,116,3800000,18300000,Drama,N/A,8.1,4774
228161,tt2224026,Home,2015-03-18,94,135000000,368871007,Fantasy,Comedy,6.787,4234
1452,tt0348150,Superman Returns,2006-06-28,154,223000000,391081192,Science Fiction,Action,5.819,4584
1136867,tt30253473,Materialists,2025-06-12,116,20000000,107949056,Romance,Drama,6.272,1316
23168,tt0840361,The Town,2010-09-15,125,37000000,154026136,Crime,Drama,7.223,5659
189,tt0458481,Sin City: A Dame to Kill For,2014-08-20,102,65000000,39407616,Action,Crime,6.403,4175
1729,tt0865556,The Forbidden Kingdom,2008-04-17,104,55000000,127906624,Action,Adventure,6.645,1922
22894,tt1038686,Legion,2010-01-21,100,26000000,67918658,Action,Fantasy,5.906,2881
505026,tt7657566,Death on the Nile,2022-02-09,127,90000000,137307235,Mystery,Crime,6.41,4199
